<?xml version="1.0" encoding="UTF-8" standalone="yes"?>
<addon id="repo.aftermathz" name="Aftermath Z Repo" version="1.0.2" provider-name="krillin">
    <extension point="xbmc.addon.repository" name="Aftermath Z repo"> 
        <dir>
            <info compressed="false">https://raw.githubusercontent.com/icpryde/repo.aftermathz/master/repo/zips/addons.xml</info>
            <checksum>https://raw.githubusercontent.com/icpryde/repo.aftermathz/master/repo/zips/addons.xml.md5</checksum>
            <datadir zip="true">https://raw.githubusercontent.com/icpryde/repo.aftermathz/master/repo/zips/</datadir>
        </dir>    
        <dir minversion="18.0.0" maxversion="18.9.9">
            <info compressed="false">https://raw.githubusercontent.com/icpryde/repo.aftermathz/master/leia/zips/addons.xml</info>
            <checksum>https://raw.githubusercontent.com/icpryde/repo.aftermathz/master/leia/zips/addons.xml.md5</checksum>
            <datadir zip="true">https://raw.githubusercontent.com/icpryde/repo.aftermathz/master/leia/zips/</datadir>
        </dir>
        <dir minversion="19.0.0">
            <info compressed="false">https://raw.githubusercontent.com/icpryde/repo.aftermathz/master/matrix/zips/addons.xml</info>
            <checksum>https://raw.githubusercontent.com/icpryde/repo.aftermathz/master/matrix/zips/addons.xml.md5</checksum>
            <datadir zip="true">https://raw.githubusercontent.com/icpryde/repo.aftermathz/master/matrix/zips/</datadir>
        </dir>
    </extension>
    <extension point="xbmc.addon.metadata">
        <summary>Aftermath Z repo</summary>
        <description>My Personal Repo</description>
        <disclaimer></disclaimer>
        <platform>all</platform>
        <assets>
            <icon>icon.png</icon>
            <fanart>fanart.jpg</fanart>
        </assets>
    </extension>
</addon>